[
  {
    "companyCode": "Transnational",
    "orginaLocation": {
       "locationDesc": "Beauna Vista Singapore"
    },
    "destinationLocation": {
      "locationDesc": "Klang Malaysia"
    }
  },
  {
    "companyCode": "Transnational",
    "orginaLocation": {
      "locationDesc": "Beauna Vista Singapore"
    },
    "destinationLocation": {
      "locationDesc": "Klang Malaysia"
    }
  },
  {
    "companyCode": "Transnational",
    "orginaLocation": {
      "locationDesc": "Beauna Vista Singapore"
    },
    "destinationLocation": {
      "locationCode": "KLG-MY",
      "locationDesc": "Klang Malaysia"
    }
  }
]