
[
  {
    "availableSeates": 20,
    "departureDateTime": "2023-05-30T14:51:40.090Z",
    "travelRoute": {
      "destinationLocation": {
        "locationCode": "KLG-MY"
      },
      "originLocation": {
        "locationCode": "BEN-SG"
      }
    }
  },
  {
    "availableSeates": 20,
    "departureDateTime": "2023-05-30T14:51:40.090Z",
    "travelRoute": {
      "destinationLocation": {
        "locationCode": "KLG-MY"
      },
      "originLocation": {
        "locationCode": "BEN-SG"
      }
    }
  }
]