[
  {
    "companyName": "FastGo",
    "availableSeats": 30,
    "departureDateTime": "2023-06-30T18:41:41",
    "travelRoute": {
      "destinationLocation": {
        "locationDesc": "Klang Malaysia"
      },
      "orginaLocation": {
        "locationDesc": "Beauna Vista Singapore"
      }
    }
  },
  {
    "companyName": "FastGo",
    "availableSeats": 30,
    "departureDateTime": "2023-06-30T18:41:41",
    "travelRoute": {
      "destinationLocation": {
        "locationDesc": "Klang Malaysia"
      },
      "orginaLocation": {
        "locationDesc": "Beauna Vista Singapore"
      }
    }
  },
  {
    "companyName": "FastGo",
    "availableSeats": 30,
    "departureDateTime": "2023-06-30T18:41:41",
    "travelRoute": {
      "destinationLocation": {
        "locationDesc": "Klang Malaysia"
      },
      "orginaLocation": {
        "locationDesc": "Beauna Vista Singapore"
      }
    }
  }
]